drop table POZYCJE;
drop table AUTOR;
drop table WYDAWCA;

create table AUTOR (
        AUTID integer not null generated by default as identity,
        NAME varchar(255) not null,
        PRIMARY KEY(AUTID)
        );

create table WYDAWCA (
        WYDID integer not null generated by default as identity,
        NAME varchar(255) not null,
        PRIMARY KEY(WYDID)
        );


INSERT INTO AUTOR (AUTID, NAME) VALUES (1, 'Miller P. (red.)');
INSERT INTO AUTOR (AUTID, NAME) VALUES (2, 'Chismar J.');
INSERT INTO AUTOR (AUTID, NAME) VALUES (3, 'Baszczyk');
INSERT INTO AUTOR (AUTID, NAME) VALUES (4, 'Le B.');
INSERT INTO AUTOR (AUTID, NAME) VALUES (5, 'Cassel P. Eddy C.');
INSERT INTO AUTOR (AUTID, NAME) VALUES (6, 'Mitchell S.');
INSERT INTO AUTOR (AUTID, NAME) VALUES (7, 'Huzar Z. Frydewicz Z. Dubil');
INSERT INTO AUTOR (AUTID, NAME) VALUES (8, 'Cytowski J.');
INSERT INTO AUTOR (AUTID, NAME) VALUES (9, 'Banachowski L. Diks K. Rytter');
INSERT INTO AUTOR (AUTID, NAME) VALUES (10, 'Stephens R.');
INSERT INTO AUTOR (AUTID, NAME) VALUES (11, 'Sysԯ M. Deo N.');
INSERT INTO AUTOR (AUTID, NAME) VALUES (12, 'Wrawski P.');
INSERT INTO AUTOR (AUTID, NAME) VALUES (13, 'zbiorowa');
INSERT INTO AUTOR (AUTID, NAME) VALUES (14, 'Muller R.');
INSERT INTO AUTOR (AUTID, NAME) VALUES (15, 'Banachowski L.');
INSERT INTO AUTOR (AUTID, NAME) VALUES (16, 'Barteczko K.');
INSERT INTO AUTOR (AUTID, NAME) VALUES (17, 'Arnold K. Gosling J.');
INSERT INTO AUTOR (AUTID, NAME) VALUES (18, 'Bielecki J.');
INSERT INTO AUTOR (AUTID, NAME) VALUES (19, 'Boone B.');
INSERT INTO AUTOR (AUTID, NAME) VALUES (20, 'Harrington J.L.');
INSERT INTO AUTOR (AUTID, NAME) VALUES (21, 'Lausen G. Vossen G.');

INSERT INTO WYDAWCA (WYDID, NAME) VALUES (1, 'Helion Wydawnictwo');
INSERT INTO WYDAWCA (WYDID, NAME) VALUES (2, 'Editions 2000');
INSERT INTO WYDAWCA (WYDID, NAME) VALUES (3, 'PLJ Akademicka Oficyna');
INSERT INTO WYDAWCA (WYDID, NAME) VALUES (4, 'Wydawnictwo Naukowo-Techniczne');
INSERT INTO WYDAWCA (WYDID, NAME) VALUES (5, 'Panstwowe Wydawnictwo Naukowe');
INSERT INTO WYDAWCA (WYDID, NAME) VALUES (6, 'Politechnika Szczecina');
INSERT INTO WYDAWCA (WYDID, NAME) VALUES (7, 'Politechnika Slaska');
INSERT INTO WYDAWCA (WYDID, NAME) VALUES (8, 'Mikom');

create table POZYCJE (
        ISBN char(13) not null,
        AUTID integer not null,
        TYTUL varchar(255) not null,
        WYDID integer not null,
        ROK integer not null,
        CENA real,
        PRIMARY KEY(ISBN),
        FOREIGN KEY(AUTID) REFERENCES AUTOR(AUTID),
        FOREIGN KEY(WYDID) REFERENCES WYDAWCA(WYDID)
        );

INSERT INTO POZYCJE (ISBN, AUTID, TYTUL, WYDID, ROK, CENA) VALUES ('83-7197-252-0', 1, '3D Studio MAX 3. Doskonaly i precyzja-suplement', 1, 2001, 41.00);
INSERT INTO POZYCJE (ISBN, AUTID, TYTUL, WYDID, ROK, CENA) VALUES ('83-7197-178-8', 2, '3D Studio Max 3. Efektywna animacja w praktyce', 1, 1999, 63.00);
INSERT INTO POZYCJE (ISBN, AUTID, TYTUL, WYDID, ROK, CENA) VALUES ('83-87297-70-4', 3, 'ABC HTML 2001', 2, 2001, 20.00);
INSERT INTO POZYCJE (ISBN, AUTID, TYTUL, WYDID, ROK, CENA) VALUES ('83-87297-36-4', 4, 'ABC Internetu 2000', 2, 2000, 18.50);
INSERT INTO POZYCJE (ISBN, AUTID, TYTUL, WYDID, ROK, CENA) VALUES ('83-7197-067-6', 5, 'Access 97. Baza danych dla kazdego', 1, 1999, 66.50);
INSERT INTO POZYCJE (ISBN, AUTID, TYTUL, WYDID, ROK, CENA) VALUES ('83-7197-291-1', 6, 'Active Server Pages 3.0 dla kazdego', 1, 2001, 73.00);
INSERT INTO POZYCJE (ISBN, AUTID, TYTUL, WYDID, ROK, CENA) VALUES ('83-86718-38-2', 7, 'ADA 95', 1, 1998, 35.00);
INSERT INTO POZYCJE (ISBN, AUTID, TYTUL, WYDID, ROK, CENA) VALUES ('83-7101-255-7', 8, 'Algorytmy genetyczne. Podstawy i zastosowania', 3, 1996, 11.50);
INSERT INTO POZYCJE (ISBN, AUTID, TYTUL, WYDID, ROK, CENA) VALUES ('83-204-1995-6', 9, 'Algorytmy i struktury danych', 4, 1996, 28.00);
INSERT INTO POZYCJE (ISBN, AUTID, TYTUL, WYDID, ROK, CENA) VALUES ('83-7197-131-1', 10, 'Algorytmy i struktury danych z przykiw Delphi', 1, 2000, 42.00);
INSERT INTO POZYCJE (ISBN, AUTID, TYTUL, WYDID, ROK, CENA) VALUES ('83-01-11818-0', 11, 'Algorytmy optymalizacji dyskretnej z programami w jezyku pas', 5, 2000, 44.00);
INSERT INTO POZYCJE (ISBN, AUTID, TYTUL, WYDID, ROK, CENA) VALUES ('83-85701-98-2', 12, 'Algorytmy struktury danych i techniki programowania', 1, 1996, 30.00);
INSERT INTO POZYCJE (ISBN, AUTID, TYTUL, WYDID, ROK, CENA) VALUES ('0860-3928', 13, 'Bazy danych i sieci komputerowe-stan i perspektywy rozwoju', 6, 1996, 7.00);
INSERT INTO POZYCJE (ISBN, AUTID, TYTUL, WYDID, ROK, CENA) VALUES ('0434-0825', 13, 'Bazy danych w lokalnych sieciach komputerowych oraz systemac', 7, 1994, 10.00);
INSERT INTO POZYCJE (ISBN, AUTID, TYTUL, WYDID, ROK, CENA) VALUES ('83-7297-000-0', 14, 'Bazy danych. Jezyk UML w modelowaniu danych', 8, 2000, 56.00);
INSERT INTO POZYCJE (ISBN, AUTID, TYTUL, WYDID, ROK, CENA) VALUES ('83-7101-377-9', 15, 'Bazy danych. Tworzenie aplikacji', 3, 1998, 33.50);
INSERT INTO POZYCJE (ISBN, AUTID, TYTUL, WYDID, ROK, CENA) VALUES ('83-7279-066-3', 16, 'Java. Wyklady i Czwiczenia', 8, 2000, 528.00);
INSERT INTO POZYCJE (ISBN, AUTID, TYTUL, WYDID, ROK, CENA) VALUES ('83-204-2313-9', 17, 'Java', 4, 1999, 672.00);
INSERT INTO POZYCJE (ISBN, AUTID, TYTUL, WYDID, ROK, CENA) VALUES ('83-7197-153-2', 18, 'Java 3', 1, 1999, 1024.00);
INSERT INTO POZYCJE (ISBN, AUTID, TYTUL, WYDID, ROK, CENA) VALUES ('83-7197-169-9', 18, 'Java 3 RMI. Podst. programowania rozproszonego', 1, 2000, 472.00);
INSERT INTO POZYCJE (ISBN, AUTID, TYTUL, WYDID, ROK, CENA) VALUES ('83-7197-363-2', 18, 'Java 4 Swing. t. I/II', 1, 2000, 1280.00);
INSERT INTO POZYCJE (ISBN, AUTID, TYTUL, WYDID, ROK, CENA) VALUES ('83-204-2265-5', 19, 'Java dla programistow i C++', 4, 1998, 608.00);
INSERT INTO POZYCJE (ISBN, AUTID, TYTUL, WYDID, ROK, CENA) VALUES ('83-7279-090-6', 20, 'Obiektowe bazy danych dla kazdego', 8, 2001, 32.00);
INSERT INTO POZYCJE (ISBN, AUTID, TYTUL, WYDID, ROK, CENA) VALUES ('83-204-2487-9', 21, 'Obiektowe bazy danych. Modele danych i jezyki', 4, 2000, 40.00);

SELECT * FROM WYDAWCA;
SELECT * FROM AUTOR;
SELECT * FROM POZYCJE;
